graph_family,graph_seed,method_seed,sigma,method,n,m,mean_degree,budget_mode,budget_value,cut_raw,cut_rounded,cut_polished,runtime_sec,projection_calls,ode_nfev,adaptive_updates,rhs_rms,rhs_max,active_edges,mean_active_degree,row_sum_max,budget_violation_max,symmetry_error,energy_violations_raw
sparse_er_200_p05,0,0,0.0,static,200,1068,10.68,half_mean_deg,5.34,760.0,760.0,766.0,0.985377550125122,0,1850,0,,,1068,10.68,21.0,15.66,0.0,0
sparse_er_200_p05,0,0,0.0,static_budgeted,200,1068,10.68,half_mean_deg,5.34,696.0,722.0,738.0,0.6733052730560303,1,1154,0,,,765,7.65,5.340000000000001,8.881784197001252e-16,0.0,0
sparse_er_200_p05,0,0,0.0,random_budgeted,200,1068,10.68,half_mean_deg,5.34,718.0,734.0,748.0,0.5731940269470215,1,1034,0,,,1049,10.49,5.340000000000001,8.881784197001252e-16,0.0,0
sparse_er_200_p05,0,0,0.0,hybrid_frobenius,200,1068,10.68,half_mean_deg,5.34,687.0,687.0,730.0,43.373064279556274,101,4510,100,2.519706595102244e-06,2.519706770903728e-06,680,6.8,5.340000000000002,1.7763568394002505e-15,0.0,0
sparse_er_200_p05,0,0,0.0,hybrid_support_random_weights,200,1068,10.68,half_mean_deg,5.34,687.0,687.0,730.0,0.3719074726104736,1,890,0,,,680,6.8,5.340000000000001,8.881784197001252e-16,0.0,0
sparse_er_200_p05,0,0,1.0,static,200,1068,10.68,half_mean_deg,5.34,667.0,712.0,747.0,8.809043169021606,0,16538,0,,,1068,10.68,21.0,15.66,0.0,0
sparse_er_200_p05,0,0,1.0,static_budgeted,200,1068,10.68,half_mean_deg,5.34,670.0,699.0,734.0,3.087498903274536,1,5870,0,,,765,7.65,5.340000000000001,8.881784197001252e-16,0.0,0
sparse_er_200_p05,0,0,1.0,random_budgeted,200,1068,10.68,half_mean_deg,5.34,658.0,690.0,741.0,1.9853062629699707,1,3830,0,,,1049,10.49,5.340000000000001,8.881784197001252e-16,0.0,0
sparse_er_200_p05,0,0,1.0,hybrid_frobenius,200,1068,10.68,half_mean_deg,5.34,637.0,637.0,735.0,95.14429545402528,101,15538,100,2.0400417016150176e-05,0.0001786687520756,625,6.25,5.340000000000002,1.7763568394002505e-15,0.0,0
sparse_er_200_p05,0,0,1.0,hybrid_support_random_weights,200,1068,10.68,half_mean_deg,5.34,643.0,643.0,735.0,1.5638906955718994,1,3878,0,,,625,6.25,5.340000000000001,8.881784197001252e-16,0.0,0
sparse_er_200_p05,0,0,0.25,static,200,1068,10.68,half_mean_deg,5.34,754.0,759.0,769.0,1.3093509674072266,0,2462,0,,,1068,10.68,21.0,15.66,0.0,0
sparse_er_200_p05,0,0,0.25,static_budgeted,200,1068,10.68,half_mean_deg,5.34,703.0,725.0,746.0,0.8616898059844971,1,1478,0,,,765,7.65,5.340000000000001,8.881784197001252e-16,0.0,0
sparse_er_200_p05,0,0,0.25,random_budgeted,200,1068,10.68,half_mean_deg,5.34,713.0,742.0,751.0,0.6316123008728027,1,1130,0,,,1049,10.49,5.340000000000001,8.881784197001252e-16,0.0,0
sparse_er_200_p05,0,0,0.25,hybrid_frobenius,200,1068,10.68,half_mean_deg,5.34,682.0,684.0,737.0,94.5015697479248,101,5518,100,9.832667972112211e-05,0.0002427909207785,547,5.47,5.340000000000002,1.7763568394002505e-15,0.0,0
sparse_er_200_p05,0,0,0.25,hybrid_support_random_weights,200,1068,10.68,half_mean_deg,5.34,673.0,684.0,737.0,0.4417500495910644,1,1022,0,,,547,5.47,5.34,0.0,0.0,0
sparse_er_200_p05,0,0,0.5,static,200,1068,10.68,half_mean_deg,5.34,706.0,741.0,752.0,2.62012791633606,0,4994,0,,,1068,10.68,21.0,15.66,0.0,0
sparse_er_200_p05,0,0,0.5,static_budgeted,200,1068,10.68,half_mean_deg,5.34,727.0,727.0,745.0,1.177603006362915,1,2090,0,,,765,7.65,5.340000000000001,8.881784197001252e-16,0.0,0
sparse_er_200_p05,0,0,0.5,random_budgeted,200,1068,10.68,half_mean_deg,5.34,709.0,739.0,753.0,0.7776598930358887,1,1442,0,,,1049,10.49,5.340000000000001,8.881784197001252e-16,0.0,0
sparse_er_200_p05,0,0,0.5,hybrid_frobenius,200,1068,10.68,half_mean_deg,5.34,660.0,667.0,715.0,95.82714915275574,101,7018,100,0.0005373133420987,0.0039150570623706,645,6.45,5.340000000000001,8.881784197001252e-16,0.0,0
sparse_er_200_p05,0,0,0.5,hybrid_support_random_weights,200,1068,10.68,half_mean_deg,5.34,664.0,665.0,705.0,0.6237413883209229,1,1514,0,,,645,6.45,5.34,0.0,0.0,0
sparse_er_200_p05,0,1,0.0,static,200,1068,10.68,half_mean_deg,5.34,750.0,760.0,766.0,0.8634288311004639,0,1634,0,,,1068,10.68,21.0,15.66,0.0,0
sparse_er_200_p05,0,1,0.0,static_budgeted,200,1068,10.68,half_mean_deg,5.34,712.0,737.0,754.0,0.7384724617004395,1,1226,0,,,759,7.59,5.340000000000001,8.881784197001252e-16,0.0,0
sparse_er_200_p05,0,1,0.0,random_budgeted,200,1068,10.68,half_mean_deg,5.34,726.0,729.0,743.0,0.5026609897613525,1,890,0,,,1049,10.49,5.340000000000001,8.881784197001252e-16,0.0,0
sparse_er_200_p05,0,1,0.0,hybrid_frobenius,200,1068,10.68,half_mean_deg,5.34,650.0,650.0,706.0,42.43422055244446,101,5170,100,1.0460045280579425e-06,1.0509629975236342e-06,643,6.43,5.340000000000002,1.7763568394002505e-15,0.0,0
sparse_er_200_p05,0,1,0.0,hybrid_support_random_weights,200,1068,10.68,half_mean_deg,5.34,650.0,650.0,706.0,0.3753108978271484,1,890,0,,,643,6.43,5.340000000000001,8.881784197001252e-16,0.0,0
sparse_er_200_p05,0,1,0.25,static,200,1068,10.68,half_mean_deg,5.34,736.0,759.0,764.0,1.3408198356628418,0,2654,0,,,1068,10.68,21.0,15.66,0.0,0
sparse_er_200_p05,0,1,0.25,static_budgeted,200,1068,10.68,half_mean_deg,5.34,706.0,717.0,743.0,0.8607447147369385,1,1454,0,,,759,7.59,5.340000000000001,8.881784197001252e-16,0.0,0
sparse_er_200_p05,0,1,0.25,random_budgeted,200,1068,10.68,half_mean_deg,5.34,720.0,723.0,747.0,0.7254617214202881,1,1310,0,,,1049,10.49,5.340000000000001,8.881784197001252e-16,0.0,0
sparse_er_200_p05,0,1,0.25,hybrid_frobenius,200,1068,10.68,half_mean_deg,5.34,659.0,659.0,719.0,89.39159893989563,101,5146,100,5.05914511859408e-08,3.600344023289025e-07,627,6.27,5.34000000000037,3.703704010149522e-13,0.0,0
sparse_er_200_p05,0,1,0.25,hybrid_support_random_weights,200,1068,10.68,half_mean_deg,5.34,659.0,659.0,719.0,0.6349143981933594,1,1358,0,,,627,6.27,5.34,0.0,0.0,0
sparse_er_200_p05,0,1,0.5,static,200,1068,10.68,half_mean_deg,5.34,719.0,757.0,767.0,2.536879062652588,0,4814,0,,,1068,10.68,21.0,15.66,0.0,0
sparse_er_200_p05,0,1,0.5,static_budgeted,200,1068,10.68,half_mean_deg,5.34,713.0,727.0,749.0,1.243119478225708,1,2246,0,,,759,7.59,5.340000000000001,8.881784197001252e-16,0.0,0
sparse_er_200_p05,0,1,0.5,random_budgeted,200,1068,10.68,half_mean_deg,5.34,716.0,725.0,742.0,1.2727153301239014,1,2450,0,,,1049,10.49,5.340000000000001,8.881784197001252e-16,0.0,0
sparse_er_200_p05,0,1,0.5,hybrid_frobenius,200,1068,10.68,half_mean_deg,5.34,635.0,635.0,721.0,56.01204586029053,101,6802,100,3.874077407056887e-05,0.0004031035501416,615,6.15,5.3400000000008205,8.206768598029157e-13,0.0,0
sparse_er_200_p05,0,1,0.5,hybrid_support_random_weights,200,1068,10.68,half_mean_deg,5.34,635.0,635.0,721.0,0.9684429168701172,1,2486,0,,,615,6.15,5.340000000000001,8.881784197001252e-16,0.0,0
sparse_er_200_p05,0,1,1.0,static,200,1068,10.68,half_mean_deg,5.34,685.0,685.0,738.0,11.277482748031616,0,22142,0,,,1068,10.68,21.0,15.66,0.0,0
sparse_er_200_p05,0,1,1.0,static_budgeted,200,1068,10.68,half_mean_deg,5.34,679.0,690.0,747.0,4.1777215003967285,1,7766,0,,,759,7.59,5.340000000000001,8.881784197001252e-16,0.0,0
sparse_er_200_p05,0,1,1.0,random_budgeted,200,1068,10.68,half_mean_deg,5.34,684.0,702.0,726.0,5.022841930389404,1,9902,0,,,1049,10.49,5.340000000000001,8.881784197001252e-16,0.0,0
sparse_er_200_p05,0,1,1.0,hybrid_frobenius,200,1068,10.68,half_mean_deg,5.34,615.0,615.0,727.0,96.38897562026978,101,19906,100,0.0001446335625207,0.0014308429219276,565,5.65,5.340000000000002,1.7763568394002505e-15,0.0,0
sparse_er_200_p05,0,1,1.0,hybrid_support_random_weights,200,1068,10.68,half_mean_deg,5.34,615.0,615.0,727.0,2.917492628097534,1,7490,0,,,565,5.65,5.340000000000001,8.881784197001252e-16,0.0,0
